country,city,item,price
台湾,Taipei,Meal at an Inexpensive Restaurant,200.0
台湾,Taipei,"Meal for Two at a Mid-Range Restaurant (Three Courses, Without Drinks)",1200.0
台湾,Taipei,Combo Meal at McDonald's (or Equivalent Fast-Food Meal),169.5
台湾,Taipei,Domestic Draft Beer (0.5 Liter),75.0
台湾,Taipei,Imported Beer (0.33 Liter Bottle),69.85
台湾,Taipei,Cappuccino (Regular Size),119.13
台湾,Taipei,"Soft Drink (Coca-Cola or Pepsi, 0.33 Liter Bottle)",31.97
台湾,Taipei,Bottled Water (0.33 Liter),21.71
台湾,Taipei,"Milk (Regular, 1 Liter)",96.56
台湾,Taipei,Fresh White Bread (500 g Loaf),57.52
台湾,Taipei,White Rice (1 kg),93.97
台湾,Taipei,"Eggs (12, Large Size)",81.22
台湾,Taipei,Local Cheese (1 kg),577.79
台湾,Taipei,Chicken Fillets (1 kg),292.61
台湾,Taipei,Beef Round or Equivalent Back Leg Red Meat (1 kg),653.81
台湾,Taipei,Apples (1 kg),151.24
台湾,Taipei,Bananas (1 kg),98.75
台湾,Taipei,Oranges (1 kg),95.29
台湾,Taipei,Tomatoes (1 kg),129.98
台湾,Taipei,Potatoes (1 kg),87.92
台湾,Taipei,Onions (1 kg),70.98
台湾,Taipei,Lettuce (1 Head),54.24
台湾,Taipei,Bottled Water (1.5 Liter),38.43
台湾,Taipei,Bottle of Wine (Mid-Range),475.0
台湾,Taipei,Domestic Beer (0.5 Liter Bottle),54.07
台湾,Taipei,"Cigarettes (Pack of 20, Marlboro)",120.0
台湾,Taipei,One-Way Ticket (Local Transport),25.0
台湾,Taipei,Monthly Public Transport Pass (Regular Price),1200.0
台湾,Taipei,Taxi Start (Standard Tariff),85.0
台湾,Taipei,Taxi 1 km (Standard Tariff),25.0
台湾,Taipei,Taxi 1 Hour Waiting (Standard Tariff),300.0
台湾,Taipei,Gasoline (1 Liter),30.97
台湾,Taipei,Volkswagen Golf 1.5 (or Equivalent New Compact Car),1110000.0
台湾,Taipei,Toyota Corolla Sedan 1.6 (or Equivalent New Mid-Size Car),797272.14
台湾,Taipei,"Basic Utilities for 85 m2Apartment (Electricity, Heating, Cooling, Water, Garbage)",2318.58
台湾,Taipei,"Mobile Phone Plan (Monthly, with Calls and 10GB+ Data)",583.23
台湾,Taipei,"Broadband Internet (Unlimited Data, 60 Mbps or Higher)",799.83
台湾,Taipei,Monthly Fitness Club Membership,1271.0
台湾,Taipei,"Tennis Court Rental (1 Hour, Weekend)",472.22
台湾,Taipei,Cinema Ticket (International Release),340.0
台湾,Taipei,"Private Full-Day Preschool or Kindergarten, Monthly Fee per Child",19769.23
台湾,Taipei,"International Primary School, Annual Tuition per Child",538888.89
台湾,Taipei,Jeans (Levi's 501 or Similar),2028.62
台湾,Taipei,Summer Dress in a Chain Store (e.g. Zara or H&M),1081.81
台湾,Taipei,Nike Running Shoes (Mid-Range),2746.32
台湾,Taipei,Men's Leather Business Shoes,3535.45
台湾,Taipei,1 Bedroom Apartment in City Centre,24318.21
台湾,Taipei,1 Bedroom Apartment Outside of City Centre,18008.52
台湾,Taipei,3 Bedroom Apartment in City Centre,52485.64
台湾,Taipei,3 Bedroom Apartment Outside of City Centre,35251.0
台湾,Taipei,Price per Square Meter to Buy Apartment in City Centre,440965.48
台湾,Taipei,Price per Square Meter to Buy Apartment Outside of Centre,251589.84
台湾,Taipei,Average Monthly Net Salary (After Tax),49595.94
台湾,Taipei,"Annual Mortgage Interest Rate (20-Year Fixed, in %)",2.31
韓国,Seoul,Meal at an Inexpensive Restaurant,12000.0
韓国,Seoul,"Meal for Two at a Mid-Range Restaurant (Three Courses, Without Drinks)",80000.0
韓国,Seoul,Combo Meal at McDonald's (or Equivalent Fast-Food Meal),9000.0
韓国,Seoul,Domestic Draft Beer (0.5 Liter),5000.0
韓国,Seoul,Imported Beer (0.33 Liter Bottle),4613.33
韓国,Seoul,Cappuccino (Regular Size),5281.58
韓国,Seoul,"Soft Drink (Coca-Cola or Pepsi, 0.33 Liter Bottle)",2302.94
韓国,Seoul,Bottled Water (0.33 Liter),1103.12
韓国,Seoul,"Milk (Regular, 1 Liter)",2952.29
韓国,Seoul,Fresh White Bread (500 g Loaf),4572.92
韓国,Seoul,White Rice (1 kg),4420.0
韓国,Seoul,"Eggs (12, Large Size)",3965.64
韓国,Seoul,Local Cheese (1 kg),19239.42
韓国,Seoul,Chicken Fillets (1 kg),14544.55
韓国,Seoul,Beef Round or Equivalent Back Leg Red Meat (1 kg),45702.24
韓国,Seoul,Apples (1 kg),10700.91
韓国,Seoul,Bananas (1 kg),4749.09
韓国,Seoul,Oranges (1 kg),7835.2
韓国,Seoul,Tomatoes (1 kg),8890.5
韓国,Seoul,Potatoes (1 kg),5209.81
韓国,Seoul,Onions (1 kg),4076.33
韓国,Seoul,Lettuce (1 Head),3510.0
韓国,Seoul,Bottled Water (1.5 Liter),1678.57
韓国,Seoul,Bottle of Wine (Mid-Range),29000.0
韓国,Seoul,Domestic Beer (0.5 Liter Bottle),3131.67
韓国,Seoul,"Cigarettes (Pack of 20, Marlboro)",4500.0
韓国,Seoul,One-Way Ticket (Local Transport),1500.0
韓国,Seoul,Monthly Public Transport Pass (Regular Price),65000.0
韓国,Seoul,Taxi Start (Standard Tariff),4800.0
韓国,Seoul,Taxi 1 km (Standard Tariff),1310.0
韓国,Seoul,Taxi 1 Hour Waiting (Standard Tariff),12000.0
韓国,Seoul,Gasoline (1 Liter),1654.16
韓国,Seoul,Volkswagen Golf 1.5 (or Equivalent New Compact Car),35435000.0
韓国,Seoul,Toyota Corolla Sedan 1.6 (or Equivalent New Mid-Size Car),34078000.0
韓国,Seoul,"Basic Utilities for 85 m2Apartment (Electricity, Heating, Cooling, Water, Garbage)",215811.32
韓国,Seoul,"Mobile Phone Plan (Monthly, with Calls and 10GB+ Data)",45864.05
韓国,Seoul,"Broadband Internet (Unlimited Data, 60 Mbps or Higher)",28640.91
韓国,Seoul,Monthly Fitness Club Membership,82413.25
韓国,Seoul,"Tennis Court Rental (1 Hour, Weekend)",29454.55
韓国,Seoul,Cinema Ticket (International Release),15000.0
韓国,Seoul,"Private Full-Day Preschool or Kindergarten, Monthly Fee per Child",549583.07
韓国,Seoul,"International Primary School, Annual Tuition per Child",30760000.0
韓国,Seoul,Jeans (Levi's 501 or Similar),72187.5
韓国,Seoul,Summer Dress in a Chain Store (e.g. Zara or H&M),57288.24
韓国,Seoul,Nike Running Shoes (Mid-Range),111921.05
韓国,Seoul,Men's Leather Business Shoes,138153.85
韓国,Seoul,1 Bedroom Apartment in City Centre,1289047.62
韓国,Seoul,1 Bedroom Apartment Outside of City Centre,792263.8
韓国,Seoul,3 Bedroom Apartment in City Centre,2902315.79
韓国,Seoul,3 Bedroom Apartment Outside of City Centre,1593157.89
韓国,Seoul,Price per Square Meter to Buy Apartment in City Centre,31336538.46
韓国,Seoul,Price per Square Meter to Buy Apartment Outside of Centre,16564000.0
韓国,Seoul,Average Monthly Net Salary (After Tax),4635394.74
韓国,Seoul,"Annual Mortgage Interest Rate (20-Year Fixed, in %)",4.05
フィリピン,Manila,Meal at an Inexpensive Restaurant,350.0
フィリピン,Manila,"Meal for Two at a Mid-Range Restaurant (Three Courses, Without Drinks)",1500.0
フィリピン,Manila,Combo Meal at McDonald's (or Equivalent Fast-Food Meal),250.0
フィリピン,Manila,Domestic Draft Beer (0.5 Liter),90.0
フィリピン,Manila,Imported Beer (0.33 Liter Bottle),134.78
フィリピン,Manila,Cappuccino (Regular Size),151.15
フィリピン,Manila,"Soft Drink (Coca-Cola or Pepsi, 0.33 Liter Bottle)",57.4
フィリピン,Manila,Bottled Water (0.33 Liter),29.09
フィリピン,Manila,"Milk (Regular, 1 Liter)",113.65
フィリピン,Manila,Fresh White Bread (500 g Loaf),77.85
フィリピン,Manila,White Rice (1 kg),59.8
フィリピン,Manila,"Eggs (12, Large Size)",132.18
フィリピン,Manila,Local Cheese (1 kg),483.87
フィリピン,Manila,Chicken Fillets (1 kg),286.13
フィリピン,Manila,Beef Round or Equivalent Back Leg Red Meat (1 kg),442.28
フィリピン,Manila,Apples (1 kg),193.09
フィリピン,Manila,Bananas (1 kg),108.42
フィリピン,Manila,Oranges (1 kg),196.94
フィリピン,Manila,Tomatoes (1 kg),132.32
フィリピン,Manila,Potatoes (1 kg),145.91
フィリピン,Manila,Onions (1 kg),170.3
フィリピン,Manila,Lettuce (1 Head),125.09
フィリピン,Manila,Bottled Water (1.5 Liter),37.5
フィリピン,Manila,Bottle of Wine (Mid-Range),550.0
フィリピン,Manila,Domestic Beer (0.5 Liter Bottle),87.49
フィリピン,Manila,"Cigarettes (Pack of 20, Marlboro)",190.0
フィリピン,Manila,One-Way Ticket (Local Transport),30.0
フィリピン,Manila,Monthly Public Transport Pass (Regular Price),800.0
フィリピン,Manila,Taxi Start (Standard Tariff),50.0
フィリピン,Manila,Taxi 1 km (Standard Tariff),15.53
フィリピン,Manila,Taxi 1 Hour Waiting (Standard Tariff),112.5
フィリピン,Manila,Gasoline (1 Liter),64.19
フィリピン,Manila,Volkswagen Golf 1.5 (or Equivalent New Compact Car),1470000.0
フィリピン,Manila,Toyota Corolla Sedan 1.6 (or Equivalent New Mid-Size Car),1370142.86
フィリピン,Manila,"Basic Utilities for 85 m2Apartment (Electricity, Heating, Cooling, Water, Garbage)",8065.55
フィリピン,Manila,"Mobile Phone Plan (Monthly, with Calls and 10GB+ Data)",939.75
フィリピン,Manila,"Broadband Internet (Unlimited Data, 60 Mbps or Higher)",1547.9
フィリピン,Manila,Monthly Fitness Club Membership,2574.17
フィリピン,Manila,"Tennis Court Rental (1 Hour, Weekend)",350.0
フィリピン,Manila,Cinema Ticket (International Release),420.0
フィリピン,Manila,"Private Full-Day Preschool or Kindergarten, Monthly Fee per Child",8055.56
フィリピン,Manila,"International Primary School, Annual Tuition per Child",990250.0
フィリピン,Manila,Jeans (Levi's 501 or Similar),3130.77
フィリピン,Manila,Summer Dress in a Chain Store (e.g. Zara or H&M),1839.0
フィリピン,Manila,Nike Running Shoes (Mid-Range),5023.0
フィリピン,Manila,Men's Leather Business Shoes,2999.89
フィリピン,Manila,1 Bedroom Apartment in City Centre,30272.68
フィリピン,Manila,1 Bedroom Apartment Outside of City Centre,14656.19
フィリピン,Manila,3 Bedroom Apartment in City Centre,104090.82
フィリピン,Manila,3 Bedroom Apartment Outside of City Centre,38111.11
フィリピン,Manila,Price per Square Meter to Buy Apartment in City Centre,216875.0
フィリピン,Manila,Price per Square Meter to Buy Apartment Outside of Centre,139166.67
フィリピン,Manila,Average Monthly Net Salary (After Tax),28138.1
フィリピン,Manila,"Annual Mortgage Interest Rate (20-Year Fixed, in %)",7.32
中国,Beijing,Meal at an Inexpensive Restaurant,30.0
中国,Beijing,"Meal for Two at a Mid-Range Restaurant (Three Courses, Without Drinks)",200.0
中国,Beijing,Combo Meal at McDonald's (or Equivalent Fast-Food Meal),35.0
中国,Beijing,Domestic Draft Beer (0.5 Liter),8.0
中国,Beijing,Imported Beer (0.33 Liter Bottle),12.85
中国,Beijing,Cappuccino (Regular Size),20.1
中国,Beijing,"Soft Drink (Coca-Cola or Pepsi, 0.33 Liter Bottle)",3.47
中国,Beijing,Bottled Water (0.33 Liter),2.23
中国,Beijing,"Milk (Regular, 1 Liter)",13.18
中国,Beijing,Fresh White Bread (500 g Loaf),12.17
中国,Beijing,White Rice (1 kg),7.77
中国,Beijing,"Eggs (12, Large Size)",13.02
中国,Beijing,Local Cheese (1 kg),101.43
中国,Beijing,Chicken Fillets (1 kg),24.08
中国,Beijing,Beef Round or Equivalent Back Leg Red Meat (1 kg),74.23
中国,Beijing,Apples (1 kg),15.61
中国,Beijing,Bananas (1 kg),11.87
中国,Beijing,Oranges (1 kg),12.55
中国,Beijing,Tomatoes (1 kg),9.47
中国,Beijing,Potatoes (1 kg),5.5
中国,Beijing,Onions (1 kg),6.3
中国,Beijing,Lettuce (1 Head),4.82
中国,Beijing,Bottled Water (1.5 Liter),3.93
中国,Beijing,Bottle of Wine (Mid-Range),60.0
中国,Beijing,Domestic Beer (0.5 Liter Bottle),5.72
中国,Beijing,"Cigarettes (Pack of 20, Marlboro)",28.95
中国,Beijing,One-Way Ticket (Local Transport),4.0
中国,Beijing,Monthly Public Transport Pass (Regular Price),230.0
中国,Beijing,Taxi Start (Standard Tariff),13.0
中国,Beijing,Taxi 1 km (Standard Tariff),2.5
中国,Beijing,Taxi 1 Hour Waiting (Standard Tariff),49.99
中国,Beijing,Gasoline (1 Liter),7.93
中国,Beijing,Volkswagen Golf 1.5 (or Equivalent New Compact Car),130000.0
中国,Beijing,Toyota Corolla Sedan 1.6 (or Equivalent New Mid-Size Car),109465.07
中国,Beijing,"Basic Utilities for 85 m2Apartment (Electricity, Heating, Cooling, Water, Garbage)",370.59
中国,Beijing,"Mobile Phone Plan (Monthly, with Calls and 10GB+ Data)",66.3
中国,Beijing,"Broadband Internet (Unlimited Data, 60 Mbps or Higher)",93.16
中国,Beijing,Monthly Fitness Club Membership,419.48
中国,Beijing,"Tennis Court Rental (1 Hour, Weekend)",144.7
中国,Beijing,Cinema Ticket (International Release),60.0
中国,Beijing,"Private Full-Day Preschool or Kindergarten, Monthly Fee per Child",5069.51
中国,Beijing,"International Primary School, Annual Tuition per Child",163153.85
中国,Beijing,Jeans (Levi's 501 or Similar),454.52
中国,Beijing,Summer Dress in a Chain Store (e.g. Zara or H&M),266.98
中国,Beijing,Nike Running Shoes (Mid-Range),560.7
中国,Beijing,Men's Leather Business Shoes,740.96
中国,Beijing,1 Bedroom Apartment in City Centre,7005.26
中国,Beijing,1 Bedroom Apartment Outside of City Centre,3942.5
中国,Beijing,3 Bedroom Apartment in City Centre,15155.0
中国,Beijing,3 Bedroom Apartment Outside of City Centre,8028.57
中国,Beijing,Price per Square Meter to Buy Apartment in City Centre,104497.81
中国,Beijing,Price per Square Meter to Buy Apartment Outside of Centre,44168.42
中国,Beijing,Average Monthly Net Salary (After Tax),9879.55
中国,Beijing,"Annual Mortgage Interest Rate (20-Year Fixed, in %)",3.52
中国,Shanghai,Meal at an Inexpensive Restaurant,30.0
中国,Shanghai,"Meal for Two at a Mid-Range Restaurant (Three Courses, Without Drinks)",250.0
中国,Shanghai,Combo Meal at McDonald's (or Equivalent Fast-Food Meal),40.0
中国,Shanghai,Domestic Draft Beer (0.5 Liter),8.0
中国,Shanghai,Imported Beer (0.33 Liter Bottle),10.99
中国,Shanghai,Cappuccino (Regular Size),22.48
中国,Shanghai,"Soft Drink (Coca-Cola or Pepsi, 0.33 Liter Bottle)",3.61
中国,Shanghai,Bottled Water (0.33 Liter),2.32
中国,Shanghai,"Milk (Regular, 1 Liter)",14.5
中国,Shanghai,Fresh White Bread (500 g Loaf),12.46
中国,Shanghai,White Rice (1 kg),6.88
中国,Shanghai,"Eggs (12, Large Size)",11.76
中国,Shanghai,Local Cheese (1 kg),108.42
中国,Shanghai,Chicken Fillets (1 kg),22.68
中国,Shanghai,Beef Round or Equivalent Back Leg Red Meat (1 kg),76.5
中国,Shanghai,Apples (1 kg),15.7
中国,Shanghai,Bananas (1 kg),12.15
中国,Shanghai,Oranges (1 kg),12.64
中国,Shanghai,Tomatoes (1 kg),9.94
中国,Shanghai,Potatoes (1 kg),5.29
中国,Shanghai,Onions (1 kg),7.76
中国,Shanghai,Lettuce (1 Head),3.95
中国,Shanghai,Bottled Water (1.5 Liter),4.87
中国,Shanghai,Bottle of Wine (Mid-Range),80.0
中国,Shanghai,Domestic Beer (0.5 Liter Bottle),5.9
中国,Shanghai,"Cigarettes (Pack of 20, Marlboro)",25.0
中国,Shanghai,One-Way Ticket (Local Transport),4.0
中国,Shanghai,Monthly Public Transport Pass (Regular Price),220.0
中国,Shanghai,Taxi Start (Standard Tariff),15.5
中国,Shanghai,Taxi 1 km (Standard Tariff),3.0
中国,Shanghai,Taxi 1 Hour Waiting (Standard Tariff),60.0
中国,Shanghai,Gasoline (1 Liter),7.91
中国,Shanghai,Volkswagen Golf 1.5 (or Equivalent New Compact Car),137300.0
中国,Shanghai,Toyota Corolla Sedan 1.6 (or Equivalent New Mid-Size Car),127101.03
中国,Shanghai,"Basic Utilities for 85 m2Apartment (Electricity, Heating, Cooling, Water, Garbage)",370.61
中国,Shanghai,"Mobile Phone Plan (Monthly, with Calls and 10GB+ Data)",60.67
中国,Shanghai,"Broadband Internet (Unlimited Data, 60 Mbps or Higher)",84.22
中国,Shanghai,Monthly Fitness Club Membership,454.02
中国,Shanghai,"Tennis Court Rental (1 Hour, Weekend)",143.18
中国,Shanghai,Cinema Ticket (International Release),55.0
中国,Shanghai,"Private Full-Day Preschool or Kindergarten, Monthly Fee per Child",8256.67
中国,Shanghai,"International Primary School, Annual Tuition per Child",187380.95
中国,Shanghai,Jeans (Levi's 501 or Similar),340.39
中国,Shanghai,Summer Dress in a Chain Store (e.g. Zara or H&M),242.35
中国,Shanghai,Nike Running Shoes (Mid-Range),511.5
中国,Shanghai,Men's Leather Business Shoes,754.74
中国,Shanghai,1 Bedroom Apartment in City Centre,6557.69
中国,Shanghai,1 Bedroom Apartment Outside of City Centre,3728.12
中国,Shanghai,3 Bedroom Apartment in City Centre,15566.67
中国,Shanghai,3 Bedroom Apartment Outside of City Centre,8086.21
中国,Shanghai,Price per Square Meter to Buy Apartment in City Centre,104766.67
中国,Shanghai,Price per Square Meter to Buy Apartment Outside of Centre,51833.33
中国,Shanghai,Average Monthly Net Salary (After Tax),11107.78
中国,Shanghai,"Annual Mortgage Interest Rate (20-Year Fixed, in %)",3.37
香港,Hong-Kong,Meal at an Inexpensive Restaurant,66.5
香港,Hong-Kong,"Meal for Two at a Mid-Range Restaurant (Three Courses, Without Drinks)",550.0
香港,Hong-Kong,Combo Meal at McDonald's (or Equivalent Fast-Food Meal),50.0
香港,Hong-Kong,Domestic Draft Beer (0.5 Liter),50.29
香港,Hong-Kong,Imported Beer (0.33 Liter Bottle),19.12
香港,Hong-Kong,Cappuccino (Regular Size),40.01
香港,Hong-Kong,"Soft Drink (Coca-Cola or Pepsi, 0.33 Liter Bottle)",9.93
香港,Hong-Kong,Bottled Water (0.33 Liter),8.38
香港,Hong-Kong,"Milk (Regular, 1 Liter)",23.87
香港,Hong-Kong,Fresh White Bread (500 g Loaf),16.32
香港,Hong-Kong,White Rice (1 kg),15.26
香港,Hong-Kong,"Eggs (12, Large Size)",27.66
香港,Hong-Kong,Local Cheese (1 kg),191.93
香港,Hong-Kong,Chicken Fillets (1 kg),81.92
香港,Hong-Kong,Beef Round or Equivalent Back Leg Red Meat (1 kg),161.9
香港,Hong-Kong,Apples (1 kg),27.55
香港,Hong-Kong,Bananas (1 kg),17.85
香港,Hong-Kong,Oranges (1 kg),30.39
香港,Hong-Kong,Tomatoes (1 kg),24.06
香港,Hong-Kong,Potatoes (1 kg),18.86
香港,Hong-Kong,Onions (1 kg),18.17
香港,Hong-Kong,Lettuce (1 Head),12.48
香港,Hong-Kong,Bottled Water (1.5 Liter),14.79
香港,Hong-Kong,Bottle of Wine (Mid-Range),120.0
香港,Hong-Kong,Domestic Beer (0.5 Liter Bottle),14.8
香港,Hong-Kong,"Cigarettes (Pack of 20, Marlboro)",102.0
香港,Hong-Kong,One-Way Ticket (Local Transport),12.0
香港,Hong-Kong,Monthly Public Transport Pass (Regular Price),500.0
香港,Hong-Kong,Taxi Start (Standard Tariff),29.0
香港,Hong-Kong,Taxi 1 km (Standard Tariff),10.5
香港,Hong-Kong,Taxi 1 Hour Waiting (Standard Tariff),117.0
香港,Hong-Kong,Gasoline (1 Liter),24.54
香港,Hong-Kong,Volkswagen Golf 1.5 (or Equivalent New Compact Car),300000.0
香港,Hong-Kong,Toyota Corolla Sedan 1.6 (or Equivalent New Mid-Size Car),270638.57
香港,Hong-Kong,"Basic Utilities for 85 m2Apartment (Electricity, Heating, Cooling, Water, Garbage)",1680.47
香港,Hong-Kong,"Mobile Phone Plan (Monthly, with Calls and 10GB+ Data)",125.32
香港,Hong-Kong,"Broadband Internet (Unlimited Data, 60 Mbps or Higher)",166.91
香港,Hong-Kong,Monthly Fitness Club Membership,591.32
香港,Hong-Kong,"Tennis Court Rental (1 Hour, Weekend)",79.04
香港,Hong-Kong,Cinema Ticket (International Release),100.0
香港,Hong-Kong,"Private Full-Day Preschool or Kindergarten, Monthly Fee per Child",7939.48
香港,Hong-Kong,"International Primary School, Annual Tuition per Child",172101.64
香港,Hong-Kong,Jeans (Levi's 501 or Similar),563.59
香港,Hong-Kong,Summer Dress in a Chain Store (e.g. Zara or H&M),309.52
香港,Hong-Kong,Nike Running Shoes (Mid-Range),680.73
香港,Hong-Kong,Men's Leather Business Shoes,1072.88
香港,Hong-Kong,1 Bedroom Apartment in City Centre,18049.15
香港,Hong-Kong,1 Bedroom Apartment Outside of City Centre,13248.25
香港,Hong-Kong,3 Bedroom Apartment in City Centre,38176.47
香港,Hong-Kong,3 Bedroom Apartment Outside of City Centre,25206.9
香港,Hong-Kong,Price per Square Meter to Buy Apartment in City Centre,196945.65
香港,Hong-Kong,Price per Square Meter to Buy Apartment Outside of Centre,125714.61
香港,Hong-Kong,Average Monthly Net Salary (After Tax),28738.76
香港,Hong-Kong,"Annual Mortgage Interest Rate (20-Year Fixed, in %)",3.84
タイ,Bangkok,Meal at an Inexpensive Restaurant,100.0
タイ,Bangkok,"Meal for Two at a Mid-Range Restaurant (Three Courses, Without Drinks)",1000.0
タイ,Bangkok,Combo Meal at McDonald's (or Equivalent Fast-Food Meal),200.0
タイ,Bangkok,Domestic Draft Beer (0.5 Liter),90.0
タイ,Bangkok,Imported Beer (0.33 Liter Bottle),100.19
タイ,Bangkok,Cappuccino (Regular Size),84.4
タイ,Bangkok,"Soft Drink (Coca-Cola or Pepsi, 0.33 Liter Bottle)",25.44
タイ,Bangkok,Bottled Water (0.33 Liter),11.46
タイ,Bangkok,"Milk (Regular, 1 Liter)",61.54
タイ,Bangkok,Fresh White Bread (500 g Loaf),48.48
タイ,Bangkok,White Rice (1 kg),46.9
タイ,Bangkok,"Eggs (12, Large Size)",75.88
タイ,Bangkok,Local Cheese (1 kg),531.65
タイ,Bangkok,Chicken Fillets (1 kg),104.23
タイ,Bangkok,Beef Round or Equivalent Back Leg Red Meat (1 kg),329.21
タイ,Bangkok,Apples (1 kg),109.87
タイ,Bangkok,Bananas (1 kg),57.7
タイ,Bangkok,Oranges (1 kg),72.66
タイ,Bangkok,Tomatoes (1 kg),62.26
タイ,Bangkok,Potatoes (1 kg),51.22
タイ,Bangkok,Onions (1 kg),47.08
タイ,Bangkok,Lettuce (1 Head),42.18
タイ,Bangkok,Bottled Water (1.5 Liter),17.12
タイ,Bangkok,Bottle of Wine (Mid-Range),500.0
タイ,Bangkok,Domestic Beer (0.5 Liter Bottle),58.71
タイ,Bangkok,"Cigarettes (Pack of 20, Marlboro)",141.75
タイ,Bangkok,One-Way Ticket (Local Transport),40.0
タイ,Bangkok,Monthly Public Transport Pass (Regular Price),1200.0
タイ,Bangkok,Taxi Start (Standard Tariff),35.0
タイ,Bangkok,Taxi 1 km (Standard Tariff),40.0
タイ,Bangkok,Taxi 1 Hour Waiting (Standard Tariff),210.0
タイ,Bangkok,Gasoline (1 Liter),39.93
タイ,Bangkok,Volkswagen Golf 1.5 (or Equivalent New Compact Car),1200000.0
タイ,Bangkok,Toyota Corolla Sedan 1.6 (or Equivalent New Mid-Size Car),923000.0
タイ,Bangkok,"Basic Utilities for 85 m2Apartment (Electricity, Heating, Cooling, Water, Garbage)",3001.05
タイ,Bangkok,"Mobile Phone Plan (Monthly, with Calls and 10GB+ Data)",401.2
タイ,Bangkok,"Broadband Internet (Unlimited Data, 60 Mbps or Higher)",550.1
タイ,Bangkok,Monthly Fitness Club Membership,1769.79
タイ,Bangkok,"Tennis Court Rental (1 Hour, Weekend)",312.5
タイ,Bangkok,Cinema Ticket (International Release),260.0
タイ,Bangkok,"Private Full-Day Preschool or Kindergarten, Monthly Fee per Child",17653.85
タイ,Bangkok,"International Primary School, Annual Tuition per Child",442173.91
タイ,Bangkok,Jeans (Levi's 501 or Similar),1860.09
タイ,Bangkok,Summer Dress in a Chain Store (e.g. Zara or H&M),1222.59
タイ,Bangkok,Nike Running Shoes (Mid-Range),3361.9
タイ,Bangkok,Men's Leather Business Shoes,2995.45
タイ,Bangkok,1 Bedroom Apartment in City Centre,21894.36
タイ,Bangkok,1 Bedroom Apartment Outside of City Centre,10516.79
タイ,Bangkok,3 Bedroom Apartment in City Centre,64206.9
タイ,Bangkok,3 Bedroom Apartment Outside of City Centre,25200.0
タイ,Bangkok,Price per Square Meter to Buy Apartment in City Centre,192882.35
タイ,Bangkok,Price per Square Meter to Buy Apartment Outside of Centre,90000.0
タイ,Bangkok,Average Monthly Net Salary (After Tax),26893.11
タイ,Bangkok,"Annual Mortgage Interest Rate (20-Year Fixed, in %)",5.81
タイ,Chiang-Mai,Meal at an Inexpensive Restaurant,65.0
タイ,Chiang-Mai,"Meal for Two at a Mid-Range Restaurant (Three Courses, Without Drinks)",625.0
タイ,Chiang-Mai,Combo Meal at McDonald's (or Equivalent Fast-Food Meal),259.5
タイ,Chiang-Mai,Domestic Draft Beer (0.5 Liter),72.5
タイ,Chiang-Mai,Imported Beer (0.33 Liter Bottle),105.0
タイ,Chiang-Mai,Cappuccino (Regular Size),61.43
タイ,Chiang-Mai,"Soft Drink (Coca-Cola or Pepsi, 0.33 Liter Bottle)",25.57
タイ,Chiang-Mai,Bottled Water (0.33 Liter),10.95
タイ,Chiang-Mai,"Milk (Regular, 1 Liter)",56.77
タイ,Chiang-Mai,Fresh White Bread (500 g Loaf),48.92
タイ,Chiang-Mai,White Rice (1 kg),37.87
タイ,Chiang-Mai,"Eggs (12, Large Size)",67.0
タイ,Chiang-Mai,Local Cheese (1 kg),528.44
タイ,Chiang-Mai,Chicken Fillets (1 kg),96.54
タイ,Chiang-Mai,Beef Round or Equivalent Back Leg Red Meat (1 kg),328.55
タイ,Chiang-Mai,Apples (1 kg),94.14
タイ,Chiang-Mai,Bananas (1 kg),36.27
タイ,Chiang-Mai,Oranges (1 kg),55.24
タイ,Chiang-Mai,Tomatoes (1 kg),55.22
タイ,Chiang-Mai,Potatoes (1 kg),46.73
タイ,Chiang-Mai,Onions (1 kg),39.73
タイ,Chiang-Mai,Lettuce (1 Head),22.0
タイ,Chiang-Mai,Bottled Water (1.5 Liter),16.93
タイ,Chiang-Mai,Bottle of Wine (Mid-Range),600.0
タイ,Chiang-Mai,Domestic Beer (0.5 Liter Bottle),57.12
タイ,Chiang-Mai,"Cigarettes (Pack of 20, Marlboro)",140.0
タイ,Chiang-Mai,One-Way Ticket (Local Transport),30.0
タイ,Chiang-Mai,Monthly Public Transport Pass (Regular Price),617.39
タイ,Chiang-Mai,Taxi Start (Standard Tariff),47.5
タイ,Chiang-Mai,Taxi 1 km (Standard Tariff),42.5
タイ,Chiang-Mai,Taxi 1 Hour Waiting (Standard Tariff),260.0
タイ,Chiang-Mai,Gasoline (1 Liter),41.44
タイ,Chiang-Mai,Volkswagen Golf 1.5 (or Equivalent New Compact Car),725000.0
タイ,Chiang-Mai,Toyota Corolla Sedan 1.6 (or Equivalent New Mid-Size Car),844125.0
タイ,Chiang-Mai,"Basic Utilities for 85 m2Apartment (Electricity, Heating, Cooling, Water, Garbage)",2148.07
タイ,Chiang-Mai,"Mobile Phone Plan (Monthly, with Calls and 10GB+ Data)",431.32
タイ,Chiang-Mai,"Broadband Internet (Unlimited Data, 60 Mbps or Higher)",598.6
タイ,Chiang-Mai,Monthly Fitness Club Membership,1086.0
タイ,Chiang-Mai,"Tennis Court Rental (1 Hour, Weekend)",220.0
タイ,Chiang-Mai,Cinema Ticket (International Release),165.0
タイ,Chiang-Mai,"Private Full-Day Preschool or Kindergarten, Monthly Fee per Child",20791.67
タイ,Chiang-Mai,"International Primary School, Annual Tuition per Child",491250.0
タイ,Chiang-Mai,Jeans (Levi's 501 or Similar),2000.0
タイ,Chiang-Mai,Summer Dress in a Chain Store (e.g. Zara or H&M),610.0
タイ,Chiang-Mai,Nike Running Shoes (Mid-Range),3000.0
タイ,Chiang-Mai,Men's Leather Business Shoes,2320.0
タイ,Chiang-Mai,1 Bedroom Apartment in City Centre,14208.09
タイ,Chiang-Mai,1 Bedroom Apartment Outside of City Centre,8012.5
タイ,Chiang-Mai,3 Bedroom Apartment in City Centre,26863.64
タイ,Chiang-Mai,3 Bedroom Apartment Outside of City Centre,15884.62
タイ,Chiang-Mai,Price per Square Meter to Buy Apartment in City Centre,71250.0
タイ,Chiang-Mai,Price per Square Meter to Buy Apartment Outside of Centre,50250.0
タイ,Chiang-Mai,Average Monthly Net Salary (After Tax),24312.5
タイ,Chiang-Mai,"Annual Mortgage Interest Rate (20-Year Fixed, in %)",5.1
ベトナム,Ho-Chi-Minh-City,Meal at an Inexpensive Restaurant,51250.0
ベトナム,Ho-Chi-Minh-City,"Meal for Two at a Mid-Range Restaurant (Three Courses, Without Drinks)",600000.0
ベトナム,Ho-Chi-Minh-City,Combo Meal at McDonald's (or Equivalent Fast-Food Meal),100000.0
ベトナム,Ho-Chi-Minh-City,Domestic Draft Beer (0.5 Liter),29000.0
ベトナム,Ho-Chi-Minh-City,Imported Beer (0.33 Liter Bottle),41052.63
ベトナム,Ho-Chi-Minh-City,Cappuccino (Regular Size),48769.23
ベトナム,Ho-Chi-Minh-City,"Soft Drink (Coca-Cola or Pepsi, 0.33 Liter Bottle)",12919.53
ベトナム,Ho-Chi-Minh-City,Bottled Water (0.33 Liter),7725.97
ベトナム,Ho-Chi-Minh-City,"Milk (Regular, 1 Liter)",38809.52
ベトナム,Ho-Chi-Minh-City,Fresh White Bread (500 g Loaf),24363.64
ベトナム,Ho-Chi-Minh-City,White Rice (1 kg),27380.95
ベトナム,Ho-Chi-Minh-City,"Eggs (12, Large Size)",38152.38
ベトナム,Ho-Chi-Minh-City,Local Cheese (1 kg),306153.85
ベトナム,Ho-Chi-Minh-City,Chicken Fillets (1 kg),94590.91
ベトナム,Ho-Chi-Minh-City,Beef Round or Equivalent Back Leg Red Meat (1 kg),281090.91
ベトナム,Ho-Chi-Minh-City,Apples (1 kg),70636.36
ベトナム,Ho-Chi-Minh-City,Bananas (1 kg),30204.76
ベトナム,Ho-Chi-Minh-City,Oranges (1 kg),31681.82
ベトナム,Ho-Chi-Minh-City,Tomatoes (1 kg),29818.18
ベトナム,Ho-Chi-Minh-City,Potatoes (1 kg),29045.45
ベトナム,Ho-Chi-Minh-City,Onions (1 kg),31526.32
ベトナム,Ho-Chi-Minh-City,Lettuce (1 Head),19437.5
ベトナム,Ho-Chi-Minh-City,Bottled Water (1.5 Liter),12433.33
ベトナム,Ho-Chi-Minh-City,Bottle of Wine (Mid-Range),345000.0
ベトナム,Ho-Chi-Minh-City,Domestic Beer (0.5 Liter Bottle),23466.09
ベトナム,Ho-Chi-Minh-City,"Cigarettes (Pack of 20, Marlboro)",33000.0
ベトナム,Ho-Chi-Minh-City,One-Way Ticket (Local Transport),7000.0
ベトナム,Ho-Chi-Minh-City,Monthly Public Transport Pass (Regular Price),300000.0
ベトナム,Ho-Chi-Minh-City,Taxi Start (Standard Tariff),20000.0
ベトナム,Ho-Chi-Minh-City,Taxi 1 km (Standard Tariff),17250.0
ベトナム,Ho-Chi-Minh-City,Taxi 1 Hour Waiting (Standard Tariff),100000.0
ベトナム,Ho-Chi-Minh-City,Gasoline (1 Liter),22107.86
ベトナム,Ho-Chi-Minh-City,Volkswagen Golf 1.5 (or Equivalent New Compact Car),995000000.0
ベトナム,Ho-Chi-Minh-City,Toyota Corolla Sedan 1.6 (or Equivalent New Mid-Size Car),884272727.27
ベトナム,Ho-Chi-Minh-City,"Basic Utilities for 85 m2Apartment (Electricity, Heating, Cooling, Water, Garbage)",2489021.51
ベトナム,Ho-Chi-Minh-City,"Mobile Phone Plan (Monthly, with Calls and 10GB+ Data)",154782.61
ベトナム,Ho-Chi-Minh-City,"Broadband Internet (Unlimited Data, 60 Mbps or Higher)",248363.64
ベトナム,Ho-Chi-Minh-City,Monthly Fitness Club Membership,513458.33
ベトナム,Ho-Chi-Minh-City,"Tennis Court Rental (1 Hour, Weekend)",240000.0
ベトナム,Ho-Chi-Minh-City,Cinema Ticket (International Release),90000.0
ベトナム,Ho-Chi-Minh-City,"Private Full-Day Preschool or Kindergarten, Monthly Fee per Child",7406250.0
ベトナム,Ho-Chi-Minh-City,"International Primary School, Annual Tuition per Child",343150000.0
ベトナム,Ho-Chi-Minh-City,Jeans (Levi's 501 or Similar),1180110.58
ベトナム,Ho-Chi-Minh-City,Summer Dress in a Chain Store (e.g. Zara or H&M),793174.86
ベトナム,Ho-Chi-Minh-City,Nike Running Shoes (Mid-Range),2420165.88
ベトナム,Ho-Chi-Minh-City,Men's Leather Business Shoes,2202351.6
ベトナム,Ho-Chi-Minh-City,1 Bedroom Apartment in City Centre,14437099.67
ベトナム,Ho-Chi-Minh-City,1 Bedroom Apartment Outside of City Centre,8200000.0
ベトナム,Ho-Chi-Minh-City,3 Bedroom Apartment in City Centre,29521739.13
ベトナム,Ho-Chi-Minh-City,3 Bedroom Apartment Outside of City Centre,16977272.73
ベトナム,Ho-Chi-Minh-City,Price per Square Meter to Buy Apartment in City Centre,108696636.55
ベトナム,Ho-Chi-Minh-City,Price per Square Meter to Buy Apartment Outside of Centre,50294117.65
ベトナム,Ho-Chi-Minh-City,Average Monthly Net Salary (After Tax),13086686.46
ベトナム,Ho-Chi-Minh-City,"Annual Mortgage Interest Rate (20-Year Fixed, in %)",8.57
ベトナム,Hanoi,Meal at an Inexpensive Restaurant,50000.0
ベトナム,Hanoi,"Meal for Two at a Mid-Range Restaurant (Three Courses, Without Drinks)",700000.0
ベトナム,Hanoi,Combo Meal at McDonald's (or Equivalent Fast-Food Meal),114500.0
ベトナム,Hanoi,Domestic Draft Beer (0.5 Liter),25000.0
ベトナム,Hanoi,Imported Beer (0.33 Liter Bottle),46250.0
ベトナム,Hanoi,Cappuccino (Regular Size),46878.46
ベトナム,Hanoi,"Soft Drink (Coca-Cola or Pepsi, 0.33 Liter Bottle)",12400.0
ベトナム,Hanoi,Bottled Water (0.33 Liter),6506.45
ベトナム,Hanoi,"Milk (Regular, 1 Liter)",36181.82
ベトナム,Hanoi,Fresh White Bread (500 g Loaf),23395.83
ベトナム,Hanoi,White Rice (1 kg),21829.08
ベトナム,Hanoi,"Eggs (12, Large Size)",39452.17
ベトナム,Hanoi,Local Cheese (1 kg),261600.0
ベトナム,Hanoi,Chicken Fillets (1 kg),94333.33
ベトナム,Hanoi,Beef Round or Equivalent Back Leg Red Meat (1 kg),267272.73
ベトナム,Hanoi,Apples (1 kg),86308.47
ベトナム,Hanoi,Bananas (1 kg),28100.0
ベトナム,Hanoi,Oranges (1 kg),37083.33
ベトナム,Hanoi,Tomatoes (1 kg),27000.0
ベトナム,Hanoi,Potatoes (1 kg),24166.67
ベトナム,Hanoi,Onions (1 kg),22143.1
ベトナム,Hanoi,Lettuce (1 Head),14000.0
ベトナム,Hanoi,Bottled Water (1.5 Liter),13834.66
ベトナム,Hanoi,Bottle of Wine (Mid-Range),400000.0
ベトナム,Hanoi,Domestic Beer (0.5 Liter Bottle),23653.68
ベトナム,Hanoi,"Cigarettes (Pack of 20, Marlboro)",35000.0
ベトナム,Hanoi,One-Way Ticket (Local Transport),9000.0
ベトナム,Hanoi,Monthly Public Transport Pass (Regular Price),200000.0
ベトナム,Hanoi,Taxi Start (Standard Tariff),20000.0
ベトナム,Hanoi,Taxi 1 km (Standard Tariff),16000.0
ベトナム,Hanoi,Taxi 1 Hour Waiting (Standard Tariff),47500.0
ベトナム,Hanoi,Gasoline (1 Liter),22174.89
ベトナム,Hanoi,Volkswagen Golf 1.5 (or Equivalent New Compact Car),1000000000.0
ベトナム,Hanoi,Toyota Corolla Sedan 1.6 (or Equivalent New Mid-Size Car),783333333.33
ベトナム,Hanoi,"Basic Utilities for 85 m2Apartment (Electricity, Heating, Cooling, Water, Garbage)",1763614.75
ベトナム,Hanoi,"Mobile Phone Plan (Monthly, with Calls and 10GB+ Data)",146263.22
ベトナム,Hanoi,"Broadband Internet (Unlimited Data, 60 Mbps or Higher)",227764.71
ベトナム,Hanoi,Monthly Fitness Club Membership,742386.7
ベトナム,Hanoi,"Tennis Court Rental (1 Hour, Weekend)",275000.0
ベトナム,Hanoi,Cinema Ticket (International Release),100000.0
ベトナム,Hanoi,"Private Full-Day Preschool or Kindergarten, Monthly Fee per Child",6722222.22
ベトナム,Hanoi,"International Primary School, Annual Tuition per Child",292000000.0
ベトナム,Hanoi,Jeans (Levi's 501 or Similar),1148599.1
ベトナム,Hanoi,Summer Dress in a Chain Store (e.g. Zara or H&M),538888.89
ベトナム,Hanoi,Nike Running Shoes (Mid-Range),2299873.57
ベトナム,Hanoi,Men's Leather Business Shoes,1911111.11
ベトナム,Hanoi,1 Bedroom Apartment in City Centre,9793784.03
ベトナム,Hanoi,1 Bedroom Apartment Outside of City Centre,7017706.66
ベトナム,Hanoi,3 Bedroom Apartment in City Centre,20083752.81
ベトナム,Hanoi,3 Bedroom Apartment Outside of City Centre,14416560.29
ベトナム,Hanoi,Price per Square Meter to Buy Apartment in City Centre,92184210.53
ベトナム,Hanoi,Price per Square Meter to Buy Apartment Outside of Centre,53157894.74
ベトナム,Hanoi,Average Monthly Net Salary (After Tax),12897697.46
ベトナム,Hanoi,"Annual Mortgage Interest Rate (20-Year Fixed, in %)",9.5
マレーシア,Kuala-Lumpur,Meal at an Inexpensive Restaurant,20.0
マレーシア,Kuala-Lumpur,"Meal for Two at a Mid-Range Restaurant (Three Courses, Without Drinks)",120.0
マレーシア,Kuala-Lumpur,Combo Meal at McDonald's (or Equivalent Fast-Food Meal),20.0
マレーシア,Kuala-Lumpur,Domestic Draft Beer (0.5 Liter),18.0
マレーシア,Kuala-Lumpur,Imported Beer (0.33 Liter Bottle),18.84
マレーシア,Kuala-Lumpur,Cappuccino (Regular Size),12.94
マレーシア,Kuala-Lumpur,"Soft Drink (Coca-Cola or Pepsi, 0.33 Liter Bottle)",3.62
マレーシア,Kuala-Lumpur,Bottled Water (0.33 Liter),1.98
マレーシア,Kuala-Lumpur,"Milk (Regular, 1 Liter)",8.55
マレーシア,Kuala-Lumpur,Fresh White Bread (500 g Loaf),4.04
マレーシア,Kuala-Lumpur,White Rice (1 kg),7.13
マレーシア,Kuala-Lumpur,"Eggs (12, Large Size)",9.28
マレーシア,Kuala-Lumpur,Local Cheese (1 kg),60.77
マレーシア,Kuala-Lumpur,Chicken Fillets (1 kg),19.68
マレーシア,Kuala-Lumpur,Beef Round or Equivalent Back Leg Red Meat (1 kg),40.37
マレーシア,Kuala-Lumpur,Apples (1 kg),12.35
マレーシア,Kuala-Lumpur,Bananas (1 kg),7.03
マレーシア,Kuala-Lumpur,Oranges (1 kg),10.65
マレーシア,Kuala-Lumpur,Tomatoes (1 kg),6.43
マレーシア,Kuala-Lumpur,Potatoes (1 kg),5.26
マレーシア,Kuala-Lumpur,Onions (1 kg),5.86
マレーシア,Kuala-Lumpur,Lettuce (1 Head),4.98
マレーシア,Kuala-Lumpur,Bottled Water (1.5 Liter),2.91
マレーシア,Kuala-Lumpur,Bottle of Wine (Mid-Range),75.0
マレーシア,Kuala-Lumpur,Domestic Beer (0.5 Liter Bottle),13.74
マレーシア,Kuala-Lumpur,"Cigarettes (Pack of 20, Marlboro)",18.0
マレーシア,Kuala-Lumpur,One-Way Ticket (Local Transport),3.0
マレーシア,Kuala-Lumpur,Monthly Public Transport Pass (Regular Price),50.0
マレーシア,Kuala-Lumpur,Taxi Start (Standard Tariff),5.0
マレーシア,Kuala-Lumpur,Taxi 1 km (Standard Tariff),5.0
マレーシア,Kuala-Lumpur,Taxi 1 Hour Waiting (Standard Tariff),20.0
マレーシア,Kuala-Lumpur,Gasoline (1 Liter),2.13
マレーシア,Kuala-Lumpur,Volkswagen Golf 1.5 (or Equivalent New Compact Car),170000.0
マレーシア,Kuala-Lumpur,Toyota Corolla Sedan 1.6 (or Equivalent New Mid-Size Car),140630.0
マレーシア,Kuala-Lumpur,"Basic Utilities for 85 m2Apartment (Electricity, Heating, Cooling, Water, Garbage)",255.75
マレーシア,Kuala-Lumpur,"Mobile Phone Plan (Monthly, with Calls and 10GB+ Data)",41.06
マレーシア,Kuala-Lumpur,"Broadband Internet (Unlimited Data, 60 Mbps or Higher)",109.25
マレーシア,Kuala-Lumpur,Monthly Fitness Club Membership,196.66
マレーシア,Kuala-Lumpur,"Tennis Court Rental (1 Hour, Weekend)",29.58
マレーシア,Kuala-Lumpur,Cinema Ticket (International Release),21.0
マレーシア,Kuala-Lumpur,"Private Full-Day Preschool or Kindergarten, Monthly Fee per Child",1168.18
マレーシア,Kuala-Lumpur,"International Primary School, Annual Tuition per Child",38000.0
マレーシア,Kuala-Lumpur,Jeans (Levi's 501 or Similar),267.39
マレーシア,Kuala-Lumpur,Summer Dress in a Chain Store (e.g. Zara or H&M),160.22
マレーシア,Kuala-Lumpur,Nike Running Shoes (Mid-Range),364.87
マレーシア,Kuala-Lumpur,Men's Leather Business Shoes,356.72
マレーシア,Kuala-Lumpur,1 Bedroom Apartment in City Centre,2403.85
マレーシア,Kuala-Lumpur,1 Bedroom Apartment Outside of City Centre,1447.62
マレーシア,Kuala-Lumpur,3 Bedroom Apartment in City Centre,4468.0
マレーシア,Kuala-Lumpur,3 Bedroom Apartment Outside of City Centre,2700.0
マレーシア,Kuala-Lumpur,Price per Square Meter to Buy Apartment in City Centre,13772.45
マレーシア,Kuala-Lumpur,Price per Square Meter to Buy Apartment Outside of Centre,6392.58
マレーシア,Kuala-Lumpur,Average Monthly Net Salary (After Tax),5667.45
マレーシア,Kuala-Lumpur,"Annual Mortgage Interest Rate (20-Year Fixed, in %)",4.43
シンガポール,Singapore,Meal at an Inexpensive Restaurant,13.0
シンガポール,Singapore,"Meal for Two at a Mid-Range Restaurant (Three Courses, Without Drinks)",90.0
シンガポール,Singapore,Combo Meal at McDonald's (or Equivalent Fast-Food Meal),10.0
シンガポール,Singapore,Domestic Draft Beer (0.5 Liter),10.0
シンガポール,Singapore,Imported Beer (0.33 Liter Bottle),6.72
シンガポール,Singapore,Cappuccino (Regular Size),6.06
シンガポール,Singapore,"Soft Drink (Coca-Cola or Pepsi, 0.33 Liter Bottle)",1.99
シンガポール,Singapore,Bottled Water (0.33 Liter),1.49
シンガポール,Singapore,"Milk (Regular, 1 Liter)",3.76
シンガポール,Singapore,Fresh White Bread (500 g Loaf),2.96
シンガポール,Singapore,White Rice (1 kg),3.43
シンガポール,Singapore,"Eggs (12, Large Size)",4.13
シンガポール,Singapore,Local Cheese (1 kg),23.25
シンガポール,Singapore,Chicken Fillets (1 kg),14.09
シンガポール,Singapore,Beef Round or Equivalent Back Leg Red Meat (1 kg),27.46
シンガポール,Singapore,Apples (1 kg),5.61
シンガポール,Singapore,Bananas (1 kg),3.98
シンガポール,Singapore,Oranges (1 kg),6.51
シンガポール,Singapore,Tomatoes (1 kg),3.23
シンガポール,Singapore,Potatoes (1 kg),3.24
シンガポール,Singapore,Onions (1 kg),2.92
シンガポール,Singapore,Lettuce (1 Head),2.52
シンガポール,Singapore,Bottled Water (1.5 Liter),1.79
シンガポール,Singapore,Bottle of Wine (Mid-Range),30.0
シンガポール,Singapore,Domestic Beer (0.5 Liter Bottle),5.58
シンガポール,Singapore,"Cigarettes (Pack of 20, Marlboro)",16.5
シンガポール,Singapore,One-Way Ticket (Local Transport),2.0
シンガポール,Singapore,Monthly Public Transport Pass (Regular Price),120.0
シンガポール,Singapore,Taxi Start (Standard Tariff),4.6
シンガポール,Singapore,Taxi 1 km (Standard Tariff),1.0
シンガポール,Singapore,Taxi 1 Hour Waiting (Standard Tariff),21.0
シンガポール,Singapore,Gasoline (1 Liter),2.79
シンガポール,Singapore,Volkswagen Golf 1.5 (or Equivalent New Compact Car),181450.0
シンガポール,Singapore,Toyota Corolla Sedan 1.6 (or Equivalent New Mid-Size Car),170535.27
シンガポール,Singapore,"Basic Utilities for 85 m2Apartment (Electricity, Heating, Cooling, Water, Garbage)",196.71
シンガポール,Singapore,"Mobile Phone Plan (Monthly, with Calls and 10GB+ Data)",19.67
シンガポール,Singapore,"Broadband Internet (Unlimited Data, 60 Mbps or Higher)",41.87
シンガポール,Singapore,Monthly Fitness Club Membership,151.46
シンガポール,Singapore,"Tennis Court Rental (1 Hour, Weekend)",15.16
シンガポール,Singapore,Cinema Ticket (International Release),15.0
シンガポール,Singapore,"Private Full-Day Preschool or Kindergarten, Monthly Fee per Child",1538.67
シンガポール,Singapore,"International Primary School, Annual Tuition per Child",38049.45
シンガポール,Singapore,Jeans (Levi's 501 or Similar),107.29
シンガポール,Singapore,Summer Dress in a Chain Store (e.g. Zara or H&M),54.72
シンガポール,Singapore,Nike Running Shoes (Mid-Range),134.7
シンガポール,Singapore,Men's Leather Business Shoes,156.82
シンガポール,Singapore,1 Bedroom Apartment in City Centre,3878.12
シンガポール,Singapore,1 Bedroom Apartment Outside of City Centre,2841.38
シンガポール,Singapore,3 Bedroom Apartment in City Centre,7781.67
シンガポール,Singapore,3 Bedroom Apartment Outside of City Centre,4812.67
シンガポール,Singapore,Price per Square Meter to Buy Apartment in City Centre,29270.81
シンガポール,Singapore,Price per Square Meter to Buy Apartment Outside of Centre,20710.11
シンガポール,Singapore,Average Monthly Net Salary (After Tax),5960.14
シンガポール,Singapore,"Annual Mortgage Interest Rate (20-Year Fixed, in %)",2.91
日本,Osaka,Meal at an Inexpensive Restaurant,1000.0
日本,Osaka,"Meal for Two at a Mid-Range Restaurant (Three Courses, Without Drinks)",5000.0
日本,Osaka,Combo Meal at McDonald's (or Equivalent Fast-Food Meal),700.0
日本,Osaka,Domestic Draft Beer (0.5 Liter),400.0
日本,Osaka,Imported Beer (0.33 Liter Bottle),425.0
日本,Osaka,Cappuccino (Regular Size),485.71
日本,Osaka,"Soft Drink (Coca-Cola or Pepsi, 0.33 Liter Bottle)",194.44
日本,Osaka,Bottled Water (0.33 Liter),110.0
日本,Osaka,"Milk (Regular, 1 Liter)",220.0
日本,Osaka,Fresh White Bread (500 g Loaf),210.24
日本,Osaka,White Rice (1 kg),738.33
日本,Osaka,"Eggs (12, Large Size)",325.5
日本,Osaka,Local Cheese (1 kg),1520.46
日本,Osaka,Chicken Fillets (1 kg),978.57
日本,Osaka,Beef Round or Equivalent Back Leg Red Meat (1 kg),2880.0
日本,Osaka,Apples (1 kg),518.17
日本,Osaka,Bananas (1 kg),310.14
日本,Osaka,Oranges (1 kg),366.67
日本,Osaka,Tomatoes (1 kg),637.5
日本,Osaka,Potatoes (1 kg),242.67
日本,Osaka,Onions (1 kg),182.67
日本,Osaka,Lettuce (1 Head),195.0
日本,Osaka,Bottled Water (1.5 Liter),127.5
日本,Osaka,Bottle of Wine (Mid-Range),1500.0
日本,Osaka,Domestic Beer (0.5 Liter Bottle),301.76
日本,Osaka,"Cigarettes (Pack of 20, Marlboro)",560.0
日本,Osaka,One-Way Ticket (Local Transport),240.0
日本,Osaka,Monthly Public Transport Pass (Regular Price),5150.0
日本,Osaka,Taxi Start (Standard Tariff),650.0
日本,Osaka,Taxi 1 km (Standard Tariff),300.0
日本,Osaka,Taxi 1 Hour Waiting (Standard Tariff),3400.0
日本,Osaka,Gasoline (1 Liter),175.18
日本,Osaka,Volkswagen Golf 1.5 (or Equivalent New Compact Car),3342000.0
日本,Osaka,Toyota Corolla Sedan 1.6 (or Equivalent New Mid-Size Car),2450000.0
日本,Osaka,"Basic Utilities for 85 m2Apartment (Electricity, Heating, Cooling, Water, Garbage)",19812.5
日本,Osaka,"Mobile Phone Plan (Monthly, with Calls and 10GB+ Data)",3020.0
日本,Osaka,"Broadband Internet (Unlimited Data, 60 Mbps or Higher)",4383.33
日本,Osaka,Monthly Fitness Club Membership,8416.67
日本,Osaka,"Tennis Court Rental (1 Hour, Weekend)",3000.0
日本,Osaka,Cinema Ticket (International Release),1900.0
日本,Osaka,"Private Full-Day Preschool or Kindergarten, Monthly Fee per Child",25000.0
日本,Osaka,"International Primary School, Annual Tuition per Child",2066666.67
日本,Osaka,Jeans (Levi's 501 or Similar),6559.44
日本,Osaka,Summer Dress in a Chain Store (e.g. Zara or H&M),4250.0
日本,Osaka,Nike Running Shoes (Mid-Range),9964.93
日本,Osaka,Men's Leather Business Shoes,14087.18
日本,Osaka,1 Bedroom Apartment in City Centre,116666.67
日本,Osaka,1 Bedroom Apartment Outside of City Centre,73500.0
日本,Osaka,3 Bedroom Apartment in City Centre,191666.67
日本,Osaka,3 Bedroom Apartment Outside of City Centre,102000.0
日本,Osaka,Price per Square Meter to Buy Apartment in City Centre,613333.33
日本,Osaka,Price per Square Meter to Buy Apartment Outside of Centre,415000.0
日本,Osaka,Average Monthly Net Salary (After Tax),283750.0
日本,Osaka,"Annual Mortgage Interest Rate (20-Year Fixed, in %)",1.81
